{
  "5311473961": {
    "workout_20250216_203613": {
      "feedback": "good",
      "timestamp": "2025-02-16 20:36:16"
    },
    "workout_20250216_214236": {
      "feedback": "good",
      "timestamp": "2025-02-16 21:42:39"
    },
    "workout_20250216_214425": {
      "feedback": "good",
      "timestamp": "2025-02-16 21:44:28"
    },
    "workout_20250216_221317": {
      "feedback": "good",
      "timestamp": "2025-02-16 22:13:20"
    },
    "workout_20250216_221426": {
      "feedback": "good",
      "timestamp": "2025-02-16 22:14:29"
    },
    "workout_20250216_222507": {
      "feedback": "good",
      "timestamp": "2025-02-16 22:25:11"
    },
    "workout_20250216_223555": {
      "feedback": "good",
      "timestamp": "2025-02-16 22:36:01"
    },
    "workout_20250216_224757": {
      "feedback": "good",
      "timestamp": "2025-02-16 22:48:03"
    },
    "workout_20250216_231416": {
      "feedback": "good",
      "timestamp": "2025-02-16 23:14:19"
    },
    "workout_20250216_232850": {
      "feedback": "good",
      "timestamp": "2025-02-16 23:28:56"
    }
  }
}