{
  "5311473961": [
    {
      "date": "2025-02-16",
      "exercises_completed": 6,
      "total_exercises": 6,
      "workout_completed": true,
      "workout_id": "workout_20250216_203613"
    },
    {
      "date": "2025-02-16",
      "exercises_completed": 8,
      "total_exercises": 8,
      "workout_completed": true,
      "workout_id": "workout_20250216_214236"
    },
    {
      "date": "2025-02-16",
      "exercises_completed": 1,
      "total_exercises": 8,
      "workout_completed": false,
      "workout_id": "workout_20250216_214425"
    },
    {
      "date": "2025-02-16",
      "exercises_completed": 12,
      "total_exercises": 12,
      "workout_completed": true,
      "workout_id": "workout_20250216_221317"
    },
    {
      "date": "2025-02-16",
      "exercises_completed": 13,
      "total_exercises": 13,
      "workout_completed": true,
      "workout_id": "workout_20250216_221426"
    },
    {
      "date": "2025-02-16",
      "exercises_completed": 13,
      "total_exercises": 13,
      "workout_completed": true,
      "workout_id": "workout_20250216_222507"
    },
    {
      "date": "2025-02-16",
      "exercises_completed": 13,
      "total_exercises": 13,
      "workout_completed": true,
      "workout_id": "workout_20250216_223555"
    },
    {
      "date": "2025-02-16",
      "exercises_completed": 12,
      "total_exercises": 12,
      "workout_completed": true,
      "workout_id": "workout_20250216_224154"
    },
    {
      "date": "2025-02-16",
      "exercises_completed": 12,
      "total_exercises": 12,
      "workout_completed": true,
      "workout_id": "workout_20250216_224431"
    },
    {
      "date": "2025-02-16",
      "exercises_completed": 12,
      "total_exercises": 12,
      "workout_completed": true,
      "workout_id": "workout_20250216_224757"
    },
    {
      "date": "2025-02-16",
      "exercises_completed": 12,
      "total_exercises": 12,
      "workout_completed": true,
      "workout_id": "workout_20250216_231416"
    },
    {
      "date": "2025-02-16",
      "exercises_completed": 12,
      "total_exercises": 12,
      "workout_completed": true,
      "workout_id": "workout_20250216_232850"
    }
  ]
}